{
  "diagnostic_distribution": {
    "headroom_exhausted_samples": 2505,
    "load_rtt_delta_us": {
      "count": 84097,
      "histogram": {
        "buckets_us": [
          0,
          1000,
          3000,
          6000,
          10000,
          15000,
          20000,
          30000,
          45000,
          60000,
          100000,
          250000
        ],
        "counts": [
          47250,
          19514,
          7057,
          4142,
          2699,
          1407,
          1170,
          530,
          193,
          94,
          41,
          0,
          0
        ]
      },
      "max": 215890,
      "p50": 669,
      "p95": 13110,
      "p99": 30300,
      "samples_filtered_null": 0,
      "samples_total": 84097
    },
    "max_delay_delta_us": {
      "max": 2046399,
      "mean": 1126.899604
    },
    "red_streak": {
      "max": 311,
      "mean": 0.051928
    },
    "rtt_integral_ms_s": {
      "max": 401.572,
      "mean": 5.563687
    },
    "total_samples": 84097
  },
  "load_rtt_delta_us_by_zone_cause": {
    "GREEN": {
      "backlog_recovery": {
        "count": 201,
        "histogram": {
          "buckets_us": [
            0,
            1000,
            3000,
            6000,
            10000,
            15000,
            20000,
            30000,
            45000,
            60000,
            100000,
            250000
          ],
          "counts": [
            72,
            43,
            26,
            31,
            20,
            5,
            4,
            0,
            0,
            0,
            0,
            0,
            0
          ]
        },
        "max": 24350,
        "p50": 2420,
        "p95": 13219,
        "p99": 22970
      },
      "dwell_hold": {
        "count": 7087,
        "histogram": {
          "buckets_us": [
            0,
            1000,
            3000,
            6000,
            10000,
            15000,
            20000,
            30000,
            45000,
            60000,
            100000,
            250000
          ],
          "counts": [
            1956,
            1212,
            1004,
            881,
            676,
            735,
            425,
            137,
            45,
            16,
            0,
            0,
            0
          ]
        },
        "max": 74810,
        "p50": 3849,
        "p95": 24613,
        "p99": 43137
      },
      "other": {
        "count": 0,
        "histogram": {
          "buckets_us": [
            0,
            1000,
            3000,
            6000,
            10000,
            15000,
            20000,
            30000,
            45000,
            60000,
            100000,
            250000
          ],
          "counts": [
            0,
            0,
            0,
            0,
            0,
            0,
            0,
            0,
            0,
            0,
            0,
            0,
            0
          ]
        },
        "max": 0,
        "p50": 0,
        "p95": 0,
        "p99": 0
      }
    },
    "RED": {
      "backlog_recovery": {
        "count": 0,
        "histogram": {
          "buckets_us": [
            0,
            1000,
            3000,
            6000,
            10000,
            15000,
            20000,
            30000,
            45000,
            60000,
            100000,
            250000
          ],
          "counts": [
            0,
            0,
            0,
            0,
            0,
            0,
            0,
            0,
            0,
            0,
            0,
            0,
            0
          ]
        },
        "max": 0,
        "p50": 0,
        "p95": 0,
        "p99": 0
      },
      "dwell_hold": {
        "count": 17,
        "histogram": {
          "buckets_us": [
            0,
            1000,
            3000,
            6000,
            10000,
            15000,
            20000,
            30000,
            45000,
            60000,
            100000,
            250000
          ],
          "counts": [
            0,
            0,
            0,
            0,
            0,
            0,
            0,
            0,
            0,
            13,
            4,
            0,
            0
          ]
        },
        "max": 120410,
        "p50": 85050,
        "p95": 120250,
        "p99": 120378
      },
      "other": {
        "count": 0,
        "histogram": {
          "buckets_us": [
            0,
            1000,
            3000,
            6000,
            10000,
            15000,
            20000,
            30000,
            45000,
            60000,
            100000,
            250000
          ],
          "counts": [
            0,
            0,
            0,
            0,
            0,
            0,
            0,
            0,
            0,
            0,
            0,
            0,
            0
          ]
        },
        "max": 0,
        "p50": 0,
        "p95": 0,
        "p99": 0
      }
    },
    "SOFT_RED": {
      "backlog_recovery": {
        "count": 0,
        "histogram": {
          "buckets_us": [
            0,
            1000,
            3000,
            6000,
            10000,
            15000,
            20000,
            30000,
            45000,
            60000,
            100000,
            250000
          ],
          "counts": [
            0,
            0,
            0,
            0,
            0,
            0,
            0,
            0,
            0,
            0,
            0,
            0,
            0
          ]
        },
        "max": 0,
        "p50": 0,
        "p95": 0,
        "p99": 0
      },
      "dwell_hold": {
        "count": 0,
        "histogram": {
          "buckets_us": [
            0,
            1000,
            3000,
            6000,
            10000,
            15000,
            20000,
            30000,
            45000,
            60000,
            100000,
            250000
          ],
          "counts": [
            0,
            0,
            0,
            0,
            0,
            0,
            0,
            0,
            0,
            0,
            0,
            0,
            0
          ]
        },
        "max": 0,
        "p50": 0,
        "p95": 0,
        "p99": 0
      },
      "other": {
        "count": 0,
        "histogram": {
          "buckets_us": [
            0,
            1000,
            3000,
            6000,
            10000,
            15000,
            20000,
            30000,
            45000,
            60000,
            100000,
            250000
          ],
          "counts": [
            0,
            0,
            0,
            0,
            0,
            0,
            0,
            0,
            0,
            0,
            0,
            0,
            0
          ]
        },
        "max": 0,
        "p50": 0,
        "p95": 0,
        "p99": 0
      }
    },
    "YELLOW": {
      "backlog_recovery": {
        "count": 30,
        "histogram": {
          "buckets_us": [
            0,
            1000,
            3000,
            6000,
            10000,
            15000,
            20000,
            30000,
            45000,
            60000,
            100000,
            250000
          ],
          "counts": [
            0,
            0,
            0,
            0,
            2,
            10,
            11,
            6,
            1,
            0,
            0,
            0,
            0
          ]
        },
        "max": 51520,
        "p50": 21270,
        "p95": 38406,
        "p99": 48504
      },
      "dwell_hold": {
        "count": 1798,