{
  "diagnostic_distribution": {
    "headroom_exhausted_samples": 1373,
    "load_rtt_delta_us": {
      "count": 84098,
      "histogram": {
        "buckets_us": [
          0,
          1000,
          3000,
          6000,
          10000,
          15000,
          20000,
          30000,
          45000,
          60000,
          100000,
          250000
        ],
        "counts": [
          45893,
          19591,
          7240,
          5541,
          3129,
          1298,
          904,
          338,
          99,
          45,
          20,
          0,
          0
        ]
      },
      "max": 190130,
      "p50": 750,
      "p95": 11879,
      "p99": 24390,
      "samples_filtered_null": 0,
      "samples_total": 84098
    },
    "max_delay_delta_us": {
      "max": 835854,
      "mean": 1025.386371
    },
    "red_streak": {
      "max": 148,
      "mean": 0.018205
    },
    "rtt_integral_ms_s": {
      "max": 352.096,
      "mean": 5.317909
    },
    "total_samples": 84098
  },
  "load_rtt_delta_us_by_zone_cause": {
    "GREEN": {
      "backlog_recovery": {
        "count": 450,
        "histogram": {
          "buckets_us": [
            0,
            1000,
            3000,
            6000,
            10000,
            15000,
            20000,
            30000,
            45000,
            60000,
            100000,
            250000
          ],
          "counts": [
            205,
            90,
            61,
            51,
            30,
            9,
            2,
            1,
            1,
            0,
            0,
            0,
            0
          ]
        },
        "max": 45180,
        "p50": 1304,
        "p95": 13340,
        "p99": 18870
      },
      "dwell_hold": {
        "count": 7443,
        "histogram": {
          "buckets_us": [
            0,
            1000,
            3000,
            6000,
            10000,
            15000,
            20000,
            30000,
            45000,
            60000,
            100000,
            250000
          ],
          "counts": [
            2064,
            1254,
            1040,
            1015,
            761,
            760,
            422,
            99,
            23,
            5,
            0,
            0,
            0
          ]
        },
        "max": 71590,
        "p50": 3879,
        "p95": 22510,
        "p99": 34206
      },
      "other": {
        "count": 0,
        "histogram": {
          "buckets_us": [
            0,
            1000,
            3000,
            6000,
            10000,
            15000,
            20000,
            30000,
            45000,
            60000,
            100000,
            250000
          ],
          "counts": [
            0,
            0,
            0,
            0,
            0,
            0,
            0,
            0,
            0,
            0,
            0,
            0,
            0
          ]
        },
        "max": 0,
        "p50": 0,
        "p95": 0,
        "p99": 0
      }
    },
    "RED": {
      "backlog_recovery": {
        "count": 0,
        "histogram": {
          "buckets_us": [
            0,
            1000,
            3000,
            6000,
            10000,
            15000,
            20000,
            30000,
            45000,
            60000,
            100000,
            250000
          ],
          "counts": [
            0,
            0,
            0,
            0,
            0,
            0,
            0,
            0,
            0,
            0,
            0,
            0,
            0
          ]
        },
        "max": 0,
        "p50": 0,
        "p95": 0,
        "p99": 0
      },
      "dwell_hold": {
        "count": 11,
        "histogram": {
          "buckets_us": [
            0,
            1000,
            3000,
            6000,
            10000,
            15000,
            20000,
            30000,
            45000,
            60000,
            100000,
            250000
          ],
          "counts": [
            0,
            0,
            0,
            0,
            0,
            0,
            0,
            0,
            0,
            6,
            5,
            0,
            0
          ]
        },
        "max": 147000,
        "p50": 99780,
        "p95": 140045,
        "p99": 145609
      },
      "other": {
        "count": 0,
        "histogram": {
          "buckets_us": [
            0,
            1000,
            3000,
            6000,
            10000,
            15000,
            20000,
            30000,
            45000,
            60000,
            100000,
            250000
          ],
          "counts": [
            0,
            0,
            0,
            0,
            0,
            0,
            0,
            0,
            0,
            0,
            0,
            0,
            0
          ]
        },
        "max": 0,
        "p50": 0,
        "p95": 0,
        "p99": 0
      }
    },
    "SOFT_RED": {
      "backlog_recovery": {
        "count": 0,
        "histogram": {
          "buckets_us": [
            0,
            1000,
            3000,
            6000,
            10000,
            15000,
            20000,
            30000,
            45000,
            60000,
            100000,
            250000
          ],
          "counts": [
            0,
            0,
            0,
            0,
            0,
            0,
            0,
            0,
            0,
            0,
            0,
            0,
            0
          ]
        },
        "max": 0,
        "p50": 0,
        "p95": 0,
        "p99": 0
      },
      "dwell_hold": {
        "count": 0,
        "histogram": {
          "buckets_us": [
            0,
            1000,
            3000,
            6000,
            10000,
            15000,
            20000,
            30000,
            45000,
            60000,
            100000,
            250000
          ],
          "counts": [
            0,
            0,
            0,
            0,
            0,
            0,
            0,
            0,
            0,
            0,
            0,
            0,
            0
          ]
        },
        "max": 0,
        "p50": 0,
        "p95": 0,
        "p99": 0
      },
      "other": {
        "count": 0,
        "histogram": {
          "buckets_us": [
            0,
            1000,
            3000,
            6000,
            10000,
            15000,
            20000,
            30000,
            45000,
            60000,
            100000,
            250000
          ],
          "counts": [
            0,
            0,
            0,
            0,
            0,
            0,
            0,
            0,
            0,
            0,
            0,
            0,
            0
          ]
        },
        "max": 0,
        "p50": 0,
        "p95": 0,
        "p99": 0
      }
    },
    "YELLOW": {
      "backlog_recovery": {
        "count": 8,
        "histogram": {
          "buckets_us": [
            0,
            1000,
            3000,
            6000,
            10000,
            15000,
            20000,
            30000,
            45000,
            60000,
            100000,
            250000
          ],
          "counts": [
            0,
            0,
            0,
            0,
            1,
            2,
            4,
            1,
            0,
            0,
            0,
            0,
            0
          ]
        },
        "max": 39550,
        "p50": 22505,
        "p95": 35535,
        "p99": 38747
      },
      "dwell_hold": {
        "count": 1313,