{
  "diagnostic_distribution": {
    "headroom_exhausted_samples": 2054,
    "load_rtt_delta_us": {
      "count": 84099,
      "histogram": {
        "buckets_us": [
          0,
          1000,
          3000,
          6000,
          10000,
          15000,
          20000,
          30000,
          45000,
          60000,
          100000,
          250000
        ],
        "counts": [
          46803,
          19815,
          7188,
          4246,
          2811,
          1424,
          1119,
          477,
          140,
          71,
          5,
          0,
          0
        ]
      },
      "max": 123750,
      "p50": 699,
      "p95": 12840,
      "p99": 28040,
      "samples_filtered_null": 0,
      "samples_total": 84099
    },
    "max_delay_delta_us": {
      "max": 201715,
      "mean": 700.445309
    },
    "red_streak": {
      "max": 74,
      "mean": 0.003484
    },
    "rtt_integral_ms_s": {
      "max": 196.334,
      "mean": 5.300077
    },
    "total_samples": 84099
  },
  "load_rtt_delta_us_by_zone_cause": {
    "GREEN": {
      "backlog_recovery": {
        "count": 183,
        "histogram": {
          "buckets_us": [
            0,
            1000,
            3000,
            6000,
            10000,
            15000,
            20000,
            30000,
            45000,
            60000,
            100000,
            250000
          ],
          "counts": [
            72,
            34,
            25,
            26,
            21,
            4,
            1,
            0,
            0,
            0,
            0,
            0,
            0
          ]
        },
        "max": 22150,
        "p50": 2050,
        "p95": 13534,
        "p99": 17625
      },
      "dwell_hold": {
        "count": 7227,
        "histogram": {
          "buckets_us": [
            0,
            1000,
            3000,
            6000,
            10000,
            15000,
            20000,
            30000,
            45000,
            60000,
            100000,
            250000
          ],
          "counts": [
            1974,
            1207,
            1037,
            902,
            724,
            788,
            446,
            110,
            28,
            11,
            0,
            0,
            0
          ]
        },
        "max": 73009,
        "p50": 4039,
        "p95": 23562,
        "p99": 37897
      },
      "other": {
        "count": 0,
        "histogram": {
          "buckets_us": [
            0,
            1000,
            3000,
            6000,
            10000,
            15000,
            20000,
            30000,
            45000,
            60000,
            100000,
            250000
          ],
          "counts": [
            0,
            0,
            0,
            0,
            0,
            0,
            0,
            0,
            0,
            0,
            0,
            0,
            0
          ]
        },
        "max": 0,
        "p50": 0,
        "p95": 0,
        "p99": 0
      }
    },
    "RED": {
      "backlog_recovery": {
        "count": 0,
        "histogram": {
          "buckets_us": [
            0,
            1000,
            3000,
            6000,
            10000,
            15000,
            20000,
            30000,
            45000,
            60000,
            100000,
            250000
          ],
          "counts": [
            0,
            0,
            0,
            0,
            0,
            0,
            0,
            0,
            0,
            0,
            0,
            0,
            0
          ]
        },
        "max": 0,
        "p50": 0,
        "p95": 0,
        "p99": 0
      },
      "dwell_hold": {
        "count": 17,
        "histogram": {
          "buckets_us": [
            0,
            1000,
            3000,
            6000,
            10000,
            15000,
            20000,
            30000,
            45000,
            60000,
            100000,
            250000
          ],
          "counts": [
            0,
            0,
            0,
            0,
            0,
            0,
            0,
            0,
            0,
            14,
            3,
            0,
            0
          ]
        },
        "max": 123750,
        "p50": 81120,
        "p95": 117461,
        "p99": 122492
      },
      "other": {
        "count": 0,
        "histogram": {
          "buckets_us": [
            0,
            1000,
            3000,
            6000,
            10000,
            15000,
            20000,
            30000,
            45000,
            60000,
            100000,
            250000
          ],
          "counts": [
            0,
            0,
            0,
            0,
            0,
            0,
            0,
            0,
            0,
            0,
            0,
            0,
            0
          ]
        },
        "max": 0,
        "p50": 0,
        "p95": 0,
        "p99": 0
      }
    },
    "SOFT_RED": {
      "backlog_recovery": {
        "count": 0,
        "histogram": {
          "buckets_us": [
            0,
            1000,
            3000,
            6000,
            10000,
            15000,
            20000,
            30000,
            45000,
            60000,
            100000,
            250000
          ],
          "counts": [
            0,
            0,
            0,
            0,
            0,
            0,
            0,
            0,
            0,
            0,
            0,
            0,
            0
          ]
        },
        "max": 0,
        "p50": 0,
        "p95": 0,
        "p99": 0
      },
      "dwell_hold": {
        "count": 0,
        "histogram": {
          "buckets_us": [
            0,
            1000,
            3000,
            6000,
            10000,
            15000,
            20000,
            30000,
            45000,
            60000,
            100000,
            250000
          ],
          "counts": [
            0,
            0,
            0,
            0,
            0,
            0,
            0,
            0,
            0,
            0,
            0,
            0,
            0
          ]
        },
        "max": 0,
        "p50": 0,
        "p95": 0,
        "p99": 0
      },
      "other": {
        "count": 0,
        "histogram": {
          "buckets_us": [
            0,
            1000,
            3000,
            6000,
            10000,
            15000,
            20000,
            30000,
            45000,
            60000,
            100000,
            250000
          ],
          "counts": [
            0,
            0,
            0,
            0,
            0,
            0,
            0,
            0,
            0,
            0,
            0,
            0,
            0
          ]
        },
        "max": 0,
        "p50": 0,
        "p95": 0,
        "p99": 0
      }
    },
    "YELLOW": {
      "backlog_recovery": {
        "count": 12,
        "histogram": {
          "buckets_us": [
            0,
            1000,
            3000,
            6000,
            10000,
            15000,
            20000,
            30000,
            45000,
            60000,
            100000,
            250000
          ],
          "counts": [
            0,
            0,
            0,
            0,
            1,
            2,
            6,
            2,
            0,
            1,
            0,
            0,
            0
          ]
        },
        "max": 61430,
        "p50": 24644,
        "p95": 52382,
        "p99": 59620
      },
      "dwell_hold": {
        "count": 1633,