{
  "diagnostic_distribution": {
    "headroom_exhausted_samples": 837,
    "load_rtt_delta_us": {
      "count": 84100,
      "histogram": {
        "buckets_us": [
          0,
          1000,
          3000,
          6000,
          10000,
          15000,
          20000,
          30000,
          45000,
          60000,
          100000,
          250000
        ],
        "counts": [
          47803,
          20448,
          7395,
          3939,
          2424,
          1049,
          722,
          235,
          43,
          37,
          4,
          0,
          1
        ]
      },
      "max": 284320,
      "p50": 640,
      "p95": 10430,
      "p99": 21689,
      "samples_filtered_null": 0,
      "samples_total": 84100
    },
    "max_delay_delta_us": {
      "max": 354297,
      "mean": 724.819465
    },
    "red_streak": {
      "max": 38,
      "mean": 0.001213
    },
    "rtt_integral_ms_s": {
      "max": 313.171,
      "mean": 4.431777
    },
    "total_samples": 84100
  },
  "load_rtt_delta_us_by_zone_cause": {
    "GREEN": {
      "backlog_recovery": {
        "count": 328,
        "histogram": {
          "buckets_us": [
            0,
            1000,
            3000,
            6000,
            10000,
            15000,
            20000,
            30000,
            45000,
            60000,
            100000,
            250000
          ],
          "counts": [
            141,
            79,
            45,
            36,
            20,
            5,
            2,
            0,
            0,
            0,
            0,
            0,
            0
          ]
        },
        "max": 26150,
        "p50": 1409,
        "p95": 12340,
        "p99": 17124
      },
      "dwell_hold": {
        "count": 6433,
        "histogram": {
          "buckets_us": [
            0,
            1000,
            3000,
            6000,
            10000,
            15000,
            20000,
            30000,
            45000,
            60000,
            100000,
            250000
          ],
          "counts": [
            2056,
            1241,
            822,
            705,
            548,
            665,
            301,
            76,
            12,
            7,
            0,
            0,
            0
          ]
        },
        "max": 70009,
        "p50": 2820,
        "p95": 21313,
        "p99": 33213
      },
      "other": {
        "count": 0,
        "histogram": {
          "buckets_us": [
            0,
            1000,
            3000,
            6000,
            10000,
            15000,
            20000,
            30000,
            45000,
            60000,
            100000,
            250000
          ],
          "counts": [
            0,
            0,
            0,
            0,
            0,
            0,
            0,
            0,
            0,
            0,
            0,
            0,
            0
          ]
        },
        "max": 0,
        "p50": 0,
        "p95": 0,
        "p99": 0
      }
    },
    "RED": {
      "backlog_recovery": {
        "count": 0,
        "histogram": {
          "buckets_us": [
            0,
            1000,
            3000,
            6000,
            10000,
            15000,
            20000,
            30000,
            45000,
            60000,
            100000,
            250000
          ],
          "counts": [
            0,
            0,
            0,
            0,
            0,
            0,
            0,
            0,
            0,
            0,
            0,
            0,
            0
          ]
        },
        "max": 0,
        "p50": 0,
        "p95": 0,
        "p99": 0
      },
      "dwell_hold": {
        "count": 8,
        "histogram": {
          "buckets_us": [
            0,
            1000,
            3000,
            6000,
            10000,
            15000,
            20000,
            30000,
            45000,
            60000,
            100000,
            250000
          ],
          "counts": [
            0,
            0,
            0,
            0,
            0,
            0,
            0,
            0,
            0,
            6,
            2,
            0,
            0
          ]
        },
        "max": 113940,
        "p50": 90090,
        "p95": 112456,
        "p99": 113643
      },
      "other": {
        "count": 0,
        "histogram": {
          "buckets_us": [
            0,
            1000,
            3000,
            6000,
            10000,
            15000,
            20000,
            30000,
            45000,
            60000,
            100000,
            250000
          ],
          "counts": [
            0,
            0,
            0,
            0,
            0,
            0,
            0,
            0,
            0,
            0,
            0,
            0,
            0
          ]
        },
        "max": 0,
        "p50": 0,
        "p95": 0,
        "p99": 0
      }
    },
    "SOFT_RED": {
      "backlog_recovery": {
        "count": 0,
        "histogram": {
          "buckets_us": [
            0,
            1000,
            3000,
            6000,
            10000,
            15000,
            20000,
            30000,
            45000,
            60000,
            100000,
            250000
          ],
          "counts": [
            0,
            0,
            0,
            0,
            0,
            0,
            0,
            0,
            0,
            0,
            0,
            0,
            0
          ]
        },
        "max": 0,
        "p50": 0,
        "p95": 0,
        "p99": 0
      },
      "dwell_hold": {
        "count": 0,
        "histogram": {
          "buckets_us": [
            0,
            1000,
            3000,
            6000,
            10000,
            15000,
            20000,
            30000,
            45000,
            60000,
            100000,
            250000
          ],
          "counts": [
            0,
            0,
            0,
            0,
            0,
            0,
            0,
            0,
            0,
            0,
            0,
            0,
            0
          ]
        },
        "max": 0,
        "p50": 0,
        "p95": 0,
        "p99": 0
      },
      "other": {
        "count": 0,
        "histogram": {
          "buckets_us": [
            0,
            1000,
            3000,
            6000,
            10000,
            15000,
            20000,
            30000,
            45000,
            60000,
            100000,
            250000
          ],
          "counts": [
            0,
            0,
            0,
            0,
            0,
            0,
            0,
            0,
            0,
            0,
            0,
            0,
            0
          ]
        },
        "max": 0,
        "p50": 0,
        "p95": 0,
        "p99": 0
      }
    },
    "YELLOW": {
      "backlog_recovery": {
        "count": 16,
        "histogram": {
          "buckets_us": [
            0,
            1000,
            3000,
            6000,
            10000,
            15000,
            20000,
            30000,
            45000,
            60000,
            100000,
            250000
          ],
          "counts": [
            0,
            0,
            0,
            0,
            0,
            3,
            9,
            3,
            0,
            1,
            0,
            0,
            0
          ]
        },
        "max": 65650,
        "p50": 25719,
        "p95": 46480,
        "p99": 61815
      },
      "dwell_hold": {
        "count": 984,