{
  "diagnostic_distribution": {
    "headroom_exhausted_samples": 486,
    "load_rtt_delta_us": {
      "count": 82954,
      "histogram": {
        "buckets_us": [
          0,
          1000,
          3000,
          6000,
          10000,
          15000,
          20000,
          30000,
          45000,
          60000,
          100000,
          250000
        ],
        "counts": [
          50119,
          19864,
          6363,
          3334,
          1915,
          741,
          444,
          138,
          29,
          5,
          2,
          0,
          0
        ]
      },
      "max": 125500,
      "p50": 500,
      "p95": 8719,
      "p99": 17978,
      "samples_filtered_null": 0,
      "samples_total": 82954
    },
    "max_delay_delta_us": {
      "max": 50449,
      "mean": 99.046604
    },
    "red_streak": {
      "max": 4,
      "mean": 8.4e-05
    },
    "rtt_integral_ms_s": {
      "max": 92.62,
      "mean": 3.65605
    },
    "total_samples": 82954
  },
  "load_rtt_delta_us_by_zone_cause": {
    "GREEN": {
      "backlog_recovery": {
        "count": 95,
        "histogram": {
          "buckets_us": [
            0,
            1000,
            3000,
            6000,
            10000,
            15000,
            20000,
            30000,
            45000,
            60000,
            100000,
            250000
          ],
          "counts": [
            35,
            15,
            11,
            15,
            12,
            5,
            2,
            0,
            0,
            0,
            0,
            0,
            0
          ]
        },
        "max": 21440,
        "p50": 2429,
        "p95": 15551,
        "p99": 20584
      },
      "dwell_hold": {
        "count": 4850,
        "histogram": {
          "buckets_us": [
            0,
            1000,
            3000,
            6000,
            10000,
            15000,
            20000,
            30000,
            45000,
            60000,
            100000,
            250000
          ],
          "counts": [
            1655,
            930,
            630,
            543,
            375,
            475,
            194,
            40,
            8,
            0,
            0,
            0,
            0
          ]
        },
        "max": 57910,
        "p50": 2519,
        "p95": 19965,
        "p99": 29969
      },
      "other": {
        "count": 0,
        "histogram": {
          "buckets_us": [
            0,
            1000,
            3000,
            6000,
            10000,
            15000,
            20000,
            30000,
            45000,
            60000,
            100000,
            250000
          ],
          "counts": [
            0,
            0,
            0,
            0,
            0,
            0,
            0,
            0,
            0,
            0,
            0,
            0,
            0
          ]
        },
        "max": 0,
        "p50": 0,
        "p95": 0,
        "p99": 0
      }
    },
    "RED": {
      "backlog_recovery": {
        "count": 0,
        "histogram": {
          "buckets_us": [
            0,
            1000,
            3000,
            6000,
            10000,
            15000,
            20000,
            30000,
            45000,
            60000,
            100000,
            250000
          ],
          "counts": [
            0,
            0,
            0,
            0,
            0,
            0,
            0,
            0,
            0,
            0,
            0,
            0,
            0
          ]
        },
        "max": 0,
        "p50": 0,
        "p95": 0,
        "p99": 0
      },
      "dwell_hold": {
        "count": 2,
        "histogram": {
          "buckets_us": [
            0,
            1000,
            3000,
            6000,
            10000,
            15000,
            20000,
            30000,
            45000,
            60000,
            100000,
            250000
          ],
          "counts": [
            0,
            0,
            0,
            0,
            0,
            0,
            0,
            0,
            0,
            1,
            1,
            0,
            0
          ]
        },
        "max": 125500,
        "p50": 112390,
        "p95": 124189,
        "p99": 125237
      },
      "other": {
        "count": 0,
        "histogram": {
          "buckets_us": [
            0,
            1000,
            3000,
            6000,
            10000,
            15000,
            20000,
            30000,
            45000,
            60000,
            100000,
            250000
          ],
          "counts": [
            0,
            0,
            0,
            0,
            0,
            0,
            0,
            0,
            0,
            0,
            0,
            0,
            0
          ]
        },
        "max": 0,
        "p50": 0,
        "p95": 0,
        "p99": 0
      }
    },
    "SOFT_RED": {
      "backlog_recovery": {
        "count": 0,
        "histogram": {
          "buckets_us": [
            0,
            1000,
            3000,
            6000,
            10000,
            15000,
            20000,
            30000,
            45000,
            60000,
            100000,
            250000
          ],
          "counts": [
            0,
            0,
            0,
            0,
            0,
            0,
            0,
            0,
            0,
            0,
            0,
            0,
            0
          ]
        },
        "max": 0,
        "p50": 0,
        "p95": 0,
        "p99": 0
      },
      "dwell_hold": {
        "count": 0,
        "histogram": {
          "buckets_us": [
            0,
            1000,
            3000,
            6000,
            10000,
            15000,
            20000,
            30000,
            45000,
            60000,
            100000,
            250000
          ],
          "counts": [
            0,
            0,
            0,
            0,
            0,
            0,
            0,
            0,
            0,
            0,
            0,
            0,
            0
          ]
        },
        "max": 0,
        "p50": 0,
        "p95": 0,
        "p99": 0
      },
      "other": {
        "count": 0,
        "histogram": {
          "buckets_us": [
            0,
            1000,
            3000,
            6000,
            10000,
            15000,
            20000,
            30000,
            45000,
            60000,
            100000,
            250000
          ],
          "counts": [
            0,
            0,
            0,
            0,
            0,
            0,
            0,
            0,
            0,
            0,
            0,
            0,
            0
          ]
        },
        "max": 0,
        "p50": 0,
        "p95": 0,
        "p99": 0
      }
    },
    "YELLOW": {
      "backlog_recovery": {
        "count": 16,
        "histogram": {
          "buckets_us": [
            0,
            1000,
            3000,
            6000,
            10000,
            15000,
            20000,
            30000,
            45000,
            60000,
            100000,
            250000
          ],
          "counts": [
            0,
            0,
            0,
            0,
            1,
            3,
            7,
            5,
            0,
            0,
            0,
            0,
            0
          ]
        },
        "max": 42720,
        "p50": 22944,
        "p95": 39202,
        "p99": 42016
      },
      "dwell_hold": {
        "count": 627,